role,user_id,password,display_name
teacher,T01,1234,大木博士
student,584,584,student584
student,125,125,student125
student,155,155,student155
student,172,172,student172
student,186,186,student186
student,227,227,student227
student,302,302,student302
student,329,329,student329
student,333,333,student333
student,452,452,student452
student,511,511,student511
student,524,524,student524
student,538,538,student538
student,255,255,student255
student,327,327,student327
student,387,387,student387
student,4,4,student004
student,328,328,student328
student,653,653,student653
student,175,175,student175
student,189,189,student189
student,234,234,student234
student,250,250,student250
student,336,336,student336
student,379,379,student379
student,408,408,student408
student,412,412,student412
student,425,425,student425
student,439,439,student439
student,472,472,student472
student,499,499,student499
student,557,557,student557
student,588,588,student588
student,602,602,student602
student,629,629,student629
student,659,659,student659
student,663,663,student663
student,680,680,student680
student,507,507,student507
student,208,208,student208
master,admin,1234,小智
